{
  "accuracy": 0.5118168389955687,
  "precision": 0.590862071949513,
  "recall": 0.5118168389955687,
  "f1_micro": 0.5118168389955687,
  "f1_macro": 0.33335978293756385,
  "f1_weighted": 0.532063226158674
}