{
  "accuracy_top1": 0.5118168389955687,
  "precision_weighted": 0.590862071949513,
  "recall_weighted": 0.5118168389955687,
  "f1_micro": 0.5118168389955687,
  "f1_macro": 0.33335978293756385,
  "f1_weighted": 0.532063226158674,
  "subset_accuracy": 0.292712949286066
}