{
  "accuracy": 0.2811422944362383,
  "precision": 0.3171713731786788,
  "recall": 0.2811422944362383,
  "f1_micro": 0.2811422944362383,
  "f1_macro": 0.1236412923066458,
  "f1_weighted": 0.26616084956739877
}