{
  "accuracy": 0.5428360413589365,
  "precision": 0.6212566611170951,
  "recall": 0.5428360413589365,
  "f1_micro": 0.5428360413589365,
  "f1_macro": 0.3639824349015143,
  "f1_weighted": 0.5616694521336599
}