{
  "accuracy": 0.6216436957631445,
  "precision": 0.736127232744192,
  "recall": 0.6216436957631445,
  "f1_micro": 0.6216436957631445,
  "f1_macro": 0.6184607314873212,
  "f1_weighted": 0.6281224337468758
}