{
  "accuracy": 0.039407861153649824,
  "precision": 0.0015531380850836054,
  "recall": 0.039407861153649824,
  "f1_micro": 0.039407861153649824,
  "f1_macro": 0.009479371316306483,
  "f1_weighted": 0.002988493989255173
}