{
  "accuracy": 0.6176620724859623,
  "precision": 0.7212751607506049,
  "recall": 0.6176620724859623,
  "f1_micro": 0.6176620724859623,
  "f1_macro": 0.5923728308573261,
  "f1_weighted": 0.6210244057191402
}