{
  "accuracy": 0.3228419347373293,
  "precision": 0.4196239976366095,
  "recall": 0.3228419347373293,
  "f1_micro": 0.3228419347373293,
  "f1_macro": 0.3196406525345316,
  "f1_weighted": 0.32084264693953385
}