{
  "accuracy": 0.32145336727609347,
  "precision": 0.3995570832345899,
  "recall": 0.32145336727609347,
  "f1_micro": 0.32145336727609347,
  "f1_macro": 0.3347456308112704,
  "f1_weighted": 0.31699995589047164
}