{
  "accuracy": 0.07405693126591067,
  "precision": 0.2211007221644738,
  "recall": 0.07405693126591067,
  "f1_micro": 0.07405693126591067,
  "f1_macro": 0.08911860695077345,
  "f1_weighted": 0.05772579962119145
}